{"cameraMode":{"drawMode":0,"name":"Shaded","section":"Shading Mode"},"sceneLighting":true,"audioPlay":false,"sceneViewState":{"showFog":true,"showMaterialUpdate":true,"showSkybox":true,"showFlares":true,"showImageEffects":true,"showParticleSystems":true},"in2DMode":false,"pivot":{"x":72.18846893310547,"y":63.47305679321289,"z":133.08291625976563},"rotation":{"x":-0.26205727458000185,"y":-0.4769383370876312,"z":0.15145839750766755,"w":-0.825176477432251},"size":422.20208740234377,"orthographic":true}